<?xml version="1.0" encoding="UTF-8"?>
<!DOCTYPE mapper
    PUBLIC "-//mybatis.org//DTD Mapper 3.0//EN" "http://mybatis.org/dtd/mybatis-3-mapper.dtd">
<mapper  namespace="CEOMapper">
	<select id="clogin" resultType="com.example.domain.CEOVO">
		select * from hon_joinc where cid=#{cid} and cpw=#{cpw}
	</select>
	
	<!-- 스토어메뉴 -->
	<insert id="insertM">
      insert into store_menu(sid, mcount, mname, mimage, price, special) values(#{sid}, #{mcount}, #{mname}, #{mimage}, #{price}, #{special})
   </insert>
   <delete id="deleteM">
   		delete from store_menu where sid=#{sid} and mcount=#{mcount}
   </delete>
   <select id="listM" resultType="com.example.domain.MenuVO">
		select * from store_menu
	</select>
	<select id="readM" resultType="com.example.domain.MenuVO">
		select * from store_menu where sid=#{sid}
	</select>
</mapper>
