<?xml version="1.0" encoding="UTF-8"?>
<!DOCTYPE mapper
    PUBLIC "-//mybatis.org//DTD Mapper 3.0//EN" "http://mybatis.org/dtd/mybatis-3-mapper.dtd">
<mapper  namespace="RootMapper">
<insert id="insertS">
      insert into CEO_store(sid, sname, location, phone,
      simage, weather, yearS,
      lvs, priceS, OpeningT ,restT, website, Ftype,
      RestD, info)
      values(#{sid},#{sname} ,#{location}, #{phone},
      #{simage},#{weather},#{yearS},
      #{lvs}, #{priceS},#{OpeningT},
      #{restT},#{website},#{Ftype},#{RestD},
      #{info});
   </insert>
   <delete id="deleteS">
   		delete from CEO_store where sid=#{sid}
   </delete>
   <select id="listS" resultType="com.example.domain.CEOSVO">
		select * from CEO_store
	</select>
	<select id="readS" resultType="com.example.domain.CEOSVO">
		select * from CEO_store where sid=#{sid}
	</select>
</mapper>
