<?xml version="1.0" encoding="UTF-8"?>
<!DOCTYPE mapper
    PUBLIC "-//mybatis.org//DTD Mapper 3.0//EN" "http://mybatis.org/dtd/mybatis-3-mapper.dtd">
<mapper  namespace="UserMapper">
	<select id="login" resultType="com.example.domain.UserVO">
		select * from hon_joinu where uid=#{uid} and upw=#{upw}
	</select>
	<insert id="insertU">
      insert into hon_joinu(permit, uid, upw, nick, location, gender, phone, email, image, birthday)
      values(#{permit},#{uid} ,#{upw}, #{nick}, #{location}, #{gender}, #{phone}, #{email}, #{image}, #{birthday})
   </insert>
   <delete id="deleteU">
   		delete from hon_joinu where uid=#{uid}
   </delete>
   <select id="listU" resultType="com.example.domain.UserVO">
		select * from hon_joinu
	</select>
	<select id="readU" resultType="com.example.domain.UserVO">
		select * from hon_joinu where uid=#{uid}
	</select>
</mapper>
