<?xml version="1.0" encoding="UTF-8"?>
<beans:beans xmlns="http://www.springframework.org/schema/mvc"
	xmlns:xsi="http://www.w3.org/2001/XMLSchema-instance"
	xmlns:beans="http://www.springframework.org/schema/beans"
	xmlns:context="http://www.springframework.org/schema/context"
	xmlns:tx="http://www.springframework.org/schema/tx"
	xsi:schemaLocation="http://www.springframework.org/schema/mvc https://www.springframework.org/schema/mvc/spring-mvc.xsd
		http://www.springframework.org/schema/beans https://www.springframework.org/schema/beans/spring-beans.xsd
		http://www.springframework.org/schema/context https://www.springframework.org/schema/context/spring-context.xsd
		http://www.springframework.org/schema/tx http://www.springframework.org/schema/tx/spring-tx-4.1.xsd">

	<!-- DispatcherServlet Context: defines this servlet's request-processing infrastructure -->
	
	<!-- Enables the Spring MVC @Controller programming model -->
	<annotation-driven />

	<!-- Handles HTTP GET requests for /resources/** by efficiently serving up static resources in the ${webappRoot}/resources directory -->
	<resources mapping="/resources/**" location="/resources/" />

	<!-- Resolves views selected for rendering by @Controllers to .jsp resources in the /WEB-INF/views directory -->
	<beans:bean class="org.springframework.web.servlet.view.InternalResourceViewResolver">
		<beans:property name="prefix" value="/WEB-INF/views/" />
		<beans:property name="suffix" value=".jsp" />
	</beans:bean>
	
	<context:component-scan base-package="com.example.web" />
	
	<!-- 로그인 -->
	<beans:bean id="login" class="com.example.domain.LoginInterceptor"/>
	<beans:bean id="auth" class="com.example.domain.AuthInterceptor"/>
	
	
	<beans:bean id="multipartResolver" class="org.springframework.web.multipart.commons.CommonsMultipartResolver">
		<beans:property name="maxUploadSize" value="10485760"/>
	</beans:bean><!-- 파일업로드 정보 -->
	
	<!-- 파일 업로드해서 어디에 저장할지 패스지정 -->
	<beans:bean id="uploadPath" class="java.lang.String">
		<beans:constructor-arg value="c:/zzz/upload"/>
	</beans:bean>
	
	<interceptors>
		<interceptor>
			<mapping path="/loginPost"/>
			<beans:ref bean="login"/>	<!-- 로그인하기전에 가로챈다 -->
		</interceptor>

		<interceptor>
			<mapping path="/insert"/>	<!-- 인증체크 후 리스트로 보낸다 -->
			<beans:ref bean="auth"/>	
		</interceptor>
	</interceptors>

</beans:beans>
